{
  "Target": "documentdb",
  "Scenario": "Both",
  "WorkloadMode": "find-input",
  "GeneratedUtc": "2026-06-18T17:24:26.1140203Z",
  "IterationCount": 3,
  "Iterations": [
    {
      "IterationNumber": 1,
      "ArtifactPath": "iter-01\\documentdb-steady-burst-find-input-20260618-155335-iter-01-20260618-155335.json",
      "DurationSeconds": 1818.033,
      "TotalTasks": 344566,
      "SuccessfulTasks": 70080,
      "FailedTasks": 274486,
      "ErrorRatePct": 79.661,
      "TaskCycleLatencyMs": {
        "Count": 344566,
        "MinMs": 21.8425,
        "MaxMs": 39047.6303,
        "MeanMs": 10016.144269655473,
        "P50Ms": 8306.727,
        "P90Ms": 18968.6955,
        "P95Ms": 22745.9883,
        "P99Ms": 27772.1765,
        "P999Ms": 32724.2626
      },
      "OperationLatencyMs": {
        "find_input": {
          "Count": 70080,
          "MinMs": 18.8612,
          "MaxMs": 36493.1617,
          "MeanMs": 11377.667146211403,
          "P50Ms": 10754.2587,
          "P90Ms": 18919.0273,
          "P95Ms": 22347.4994,
          "P99Ms": 26952.3654,
          "P999Ms": 30277.1411
        },
        "remove": {
          "Count": 0,
          "MinMs": 0,
          "MaxMs": 0,
          "MeanMs": 0,
          "P50Ms": 0,
          "P90Ms": 0,
          "P95Ms": 0,
          "P99Ms": 0,
          "P999Ms": 0
        },
        "insert": {
          "Count": 0,
          "MinMs": 0,
          "MaxMs": 0,
          "MeanMs": 0,
          "P50Ms": 0,
          "P90Ms": 0,
          "P95Ms": 0,
          "P99Ms": 0,
          "P999Ms": 0
        },
        "find_output": {
          "Count": 0,
          "MinMs": 0,
          "MaxMs": 0,
          "MeanMs": 0,
          "P50Ms": 0,
          "P90Ms": 0,
          "P95Ms": 0,
          "P99Ms": 0,
          "P999Ms": 0
        }
      },
      "ConnectionOpenMs": {
        "Count": 70080,
        "MinMs": 10.3912,
        "MaxMs": 18796.3852,
        "MeanMs": 4824.777616779387,
        "P50Ms": 4867.2511,
        "P90Ms": 7218.0868,
        "P95Ms": 8031.9858,
        "P99Ms": 9153.8302,
        "P999Ms": 10371.0018
      },
      "ErrorsByType": {
        "Timeout": 1,
        "ConnectionFailure": 1,
        "ServerSelectionTimeout": 258175,
        "ThrottlingOrRateLimit": 2255,
        "ClientPortExhaustion": 14054
      }
    },
    {
      "IterationNumber": 2,
      "ArtifactPath": "iter-02\\documentdb-steady-burst-find-input-20260618-155335-iter-02-20260618-162353.json",
      "DurationSeconds": 1816.866,
      "TotalTasks": 337748,
      "SuccessfulTasks": 50362,
      "FailedTasks": 287386,
      "ErrorRatePct": 85.089,
      "TaskCycleLatencyMs": {
        "Count": 337748,
        "MinMs": 20.2272,
        "MaxMs": 39095.2896,
        "MeanMs": 10709.387531535425,
        "P50Ms": 9002.1838,
        "P90Ms": 20127.7371,
        "P95Ms": 22944.3066,
        "P99Ms": 27032.049,
        "P999Ms": 31539.5265
      },
      "OperationLatencyMs": {
        "find_input": {
          "Count": 50362,
          "MinMs": 17.7779,
          "MaxMs": 36625.7706,
          "MeanMs": 13161.327612535204,
          "P50Ms": 11349.5473,
          "P90Ms": 22177.8713,
          "P95Ms": 24344.3144,
          "P99Ms": 27999.8075,
          "P999Ms": 31601.9651
        },
        "remove": {
          "Count": 0,
          "MinMs": 0,
          "MaxMs": 0,
          "MeanMs": 0,
          "P50Ms": 0,
          "P90Ms": 0,
          "P95Ms": 0,
          "P99Ms": 0,
          "P999Ms": 0
        },
        "insert": {
          "Count": 0,
          "MinMs": 0,
          "MaxMs": 0,
          "MeanMs": 0,
          "P50Ms": 0,
          "P90Ms": 0,
          "P95Ms": 0,
          "P99Ms": 0,
          "P999Ms": 0
        },
        "find_output": {
          "Count": 0,
          "MinMs": 0,
          "MaxMs": 0,
          "MeanMs": 0,
          "P50Ms": 0,
          "P90Ms": 0,
          "P95Ms": 0,
          "P99Ms": 0,
          "P999Ms": 0
        }
      },
      "ConnectionOpenMs": {
        "Count": 50362,
        "MinMs": 9.1179,
        "MaxMs": 10841.6146,
        "MeanMs": 4948.461777453245,
        "P50Ms": 4885.7322,
        "P90Ms": 6687.1117,
        "P95Ms": 7344.1246,
        "P99Ms": 7985.064,
        "P999Ms": 8548.2464
      },
      "ErrorsByType": {
        "ConnectionFailure": 1,
        "ServerSelectionTimeout": 264864,
        "ThrottlingOrRateLimit": 2848,
        "ClientPortExhaustion": 19673
      }
    },
    {
      "IterationNumber": 3,
      "ArtifactPath": "iter-03\\documentdb-steady-burst-find-input-20260618-155335-iter-03-20260618-165410.json",
      "DurationSeconds": 1815.686,
      "TotalTasks": 336281,
      "SuccessfulTasks": 50283,
      "FailedTasks": 285998,
      "ErrorRatePct": 85.047,
      "TaskCycleLatencyMs": {
        "Count": 336281,
        "MinMs": 19.2675,
        "MaxMs": 37265.0118,
        "MeanMs": 10861.919370389765,
        "P50Ms": 9118.0716,
        "P90Ms": 20602.6551,
        "P95Ms": 23274.7303,
        "P99Ms": 27853.3485,
        "P999Ms": 32408.6193
      },
      "OperationLatencyMs": {
        "find_input": {
          "Count": 50283,
          "MinMs": 16.876,
          "MaxMs": 37012.4783,
          "MeanMs": 13101.893954789866,
          "P50Ms": 11219.9946,
          "P90Ms": 22184.7518,
          "P95Ms": 25082.1153,
          "P99Ms": 29084.4474,
          "P999Ms": 33173.573
        },
        "remove": {
          "Count": 0,
          "MinMs": 0,
          "MaxMs": 0,
          "MeanMs": 0,
          "P50Ms": 0,
          "P90Ms": 0,
          "P95Ms": 0,
          "P99Ms": 0,
          "P999Ms": 0
        },
        "insert": {
          "Count": 0,
          "MinMs": 0,
          "MaxMs": 0,
          "MeanMs": 0,
          "P50Ms": 0,
          "P90Ms": 0,
          "P95Ms": 0,
          "P99Ms": 0,
          "P999Ms": 0
        },
        "find_output": {
          "Count": 0,
          "MinMs": 0,
          "MaxMs": 0,
          "MeanMs": 0,
          "P50Ms": 0,
          "P90Ms": 0,
          "P95Ms": 0,
          "P99Ms": 0,
          "P999Ms": 0
        }
      },
      "ConnectionOpenMs": {
        "Count": 50283,
        "MinMs": 8.8764,
        "MaxMs": 10538.3339,
        "MeanMs": 5033.895861661005,
        "P50Ms": 5045.0512,
        "P90Ms": 6861.1298,
        "P95Ms": 7482,
        "P99Ms": 8483.6332,
        "P999Ms": 9011.3724
      },
      "ErrorsByType": {
        "ServerSelectionTimeout": 262217,
        "ThrottlingOrRateLimit": 2330,
        "ClientPortExhaustion": 21451
      }
    }
  ],
  "Stats": {
    "TaskCycleMs": {
      "MeanP50Ms": 8808.994,
      "MeanP90Ms": 19899.696,
      "MeanP95Ms": 22988.342,
      "MeanP99Ms": 27552.525,
      "MeanP999Ms": 32224.136,
      "MinP99Ms": 27032.049,
      "MaxP99Ms": 27853.3485,
      "TotalCount": 1018595
    },
    "OperationMs": {
      "find_input": {
        "MeanP50Ms": 11107.934,
        "MeanP90Ms": 21093.883,
        "MeanP95Ms": 23924.643,
        "MeanP99Ms": 28012.207,
        "MeanP999Ms": 31684.226,
        "MinP99Ms": 26952.3654,
        "MaxP99Ms": 29084.4474,
        "TotalCount": 170725
      },
      "remove": {
        "MeanP50Ms": 0,
        "MeanP90Ms": 0,
        "MeanP95Ms": 0,
        "MeanP99Ms": 0,
        "MeanP999Ms": 0,
        "MinP99Ms": 0,
        "MaxP99Ms": 0,
        "TotalCount": 0
      },
      "insert": {
        "MeanP50Ms": 0,
        "MeanP90Ms": 0,
        "MeanP95Ms": 0,
        "MeanP99Ms": 0,
        "MeanP999Ms": 0,
        "MinP99Ms": 0,
        "MaxP99Ms": 0,
        "TotalCount": 0
      },
      "find_output": {
        "MeanP50Ms": 0,
        "MeanP90Ms": 0,
        "MeanP95Ms": 0,
        "MeanP99Ms": 0,
        "MeanP999Ms": 0,
        "MinP99Ms": 0,
        "MaxP99Ms": 0,
        "TotalCount": 0
      }
    },
    "ConnectionOpenMs": {
      "MeanP50Ms": 4932.678,
      "MeanP90Ms": 6922.109,
      "MeanP95Ms": 7619.37,
      "MeanP99Ms": 8540.842,
      "MeanP999Ms": 9310.207,